<?xml version="1.0" encoding="UTF-8" standalone="yes"?>

<addon id="plugin.video.putiov2"
    name="put.io"
    version="0.0.3"
    provider-name="put.io developers">
    <requires>
        <import addon="xbmc.python" version="2.1.0" />
        <import addon="script.module.simplejson" version="2.0.10" />
        <import addon="script.module.requests" version="1.1.0" />
    </requires>
    <extension point="xbmc.python.pluginsource" library="default.py">
        <provides>video</provides>
    </extension>
    <extension point="xbmc.addon.metadata">
        <platform>all</platform>
        <summary lang="en">put.io for XBMC</summary>
        <description lang="en">Put.io is a service that combines cloud storage and bittorrent. You need an account to use this plug-in. Get one from https://put.io</description>
        <language></language>
    </extension>
</addon>
